{"main": 3.113169131428461, "step_00047700": 3.1303735042395004, "step_00059625": 3.1222222704937215, "step_00071550": 3.118573839242916, "step_00002385": 3.431337560158581, "step_00004770": 3.306809702019202, "step_00007155": 3.265335800192977, "step_00009540": 3.2224746813810254, "step_00011925": 3.21026339137244, "step_00014310": 3.190433870082848, "step_00016695": 3.1889843749501767, "step_00019080": 3.180425492204425, "step_00021465": 3.1691915202008922, "step_00023850": 3.168548788845576, "step_00026235": 3.1548958253821398, "step_00028620": 3.1603580761141425, "step_00031005": 3.152389311297119, "step_00033390": 3.1501215478724767, "step_00035775": 3.140474364616372, "step_00038160": 3.141384576046425, "step_00040545": 3.144404082165417, "step_00042930": 3.136638428436589, "step_00045315": 3.1358222292476294, "step_00050085": 3.1310317647234873, "step_00052470": 3.1315202855155304, "step_00054855": 3.1280956243887417, "step_00057240": 3.1270611786349, "step_00062010": 3.119883356268253, "step_00064395": 3.121725892390513, "step_00066780": 3.1176585857312813, "step_00069165": 3.119887667805219, "step_00073935": 3.114164059754645, "step_00076320": 3.120515365772525, "step_00078705": 3.1149959538320466, "step_00081090": 3.1148948269626984}