{"main": 3.160658616922938, "step_00047700": 3.177726015671431, "step_00059625": 3.1682581970179284, "step_00071550": 3.166354759260661, "step_00002385": 3.4489272569589158, "step_00004770": 3.3427937115296262, "step_00007155": 3.297528557761774, "step_00009540": 3.2653336606048167, "step_00011925": 3.248135664526055, "step_00014310": 3.243330521091187, "step_00016695": 3.239242410762367, "step_00019080": 3.2200948802742455, "step_00021465": 3.222692367142035, "step_00023850": 3.2171640944173165, "step_00026235": 3.201910256313706, "step_00028620": 3.199529662700834, "step_00031005": 3.200809937206308, "step_00033390": 3.196653265612117, "step_00035775": 3.193183799132879, "step_00038160": 3.188215007085435, "step_00040545": 3.1937804903512217, "step_00042930": 3.1796245535629937, "step_00045315": 3.1901378096481054, "step_00050085": 3.178285780487381, "step_00052470": 3.1796048887683046, "step_00054855": 3.1779582275764984, "step_00057240": 3.1726921545484714, "step_00062010": 3.1678519205000772, "step_00064395": 3.1710764711886443, "step_00066780": 3.169879062428286, "step_00069165": 3.1705000415685554, "step_00073935": 3.164701202638177, "step_00076320": 3.1674158787097237, "step_00078705": 3.163170229042927, "step_00081090": 3.156169078067247}