{"main": 3.184464198769763, "step_00047700": 3.2048815943329725, "step_00059625": 3.1842885094327875, "step_00071550": 3.184962934413129, "step_00002385": 3.488373265454965, "step_00004770": 3.361437431590231, "step_00007155": 3.321949030966623, "step_00009540": 3.2864361976751706, "step_00011925": 3.2729916849529075, "step_00014310": 3.258698520272561, "step_00016695": 3.249298062731902, "step_00019080": 3.236967541648335, "step_00021465": 3.231876697923238, "step_00023850": 3.225635921850089, "step_00026235": 3.2157041440120464, "step_00028620": 3.2249930158449818, "step_00031005": 3.221046011849911, "step_00033390": 3.2217242664988963, "step_00035775": 3.2046385556062553, "step_00038160": 3.210290525883247, "step_00040545": 3.2025443574146912, "step_00042930": 3.1998886052176396, "step_00045315": 3.1958852464413696, "step_00050085": 3.1998395831143847, "step_00052470": 3.1941936066150176, "step_00054855": 3.193618345250851, "step_00057240": 3.1884025573925854, "step_00062010": 3.1851057526127917, "step_00064395": 3.1853646947037757, "step_00066780": 3.1862477458810443, "step_00069165": 3.185434875491212, "step_00073935": 3.180387430150986, "step_00076320": 3.1840939882274926, "step_00078705": 3.1811305026591885, "step_00081090": 3.1715980584053347}