{"main": 3.147654411783474, "step_00047700": 3.167431592306283, "step_00059625": 3.154559499243932, "step_00071550": 3.151945550186276, "step_00002385": 3.4921745334924963, "step_00004770": 3.3749367531096683, "step_00007155": 3.3123824144821388, "step_00009540": 3.272567666693072, "step_00011925": 3.2629871024286325, "step_00014310": 3.248385580561489, "step_00016695": 3.2446956626706083, "step_00019080": 3.2212068976937833, "step_00021465": 3.2233783009598866, "step_00023850": 3.2122325838112826, "step_00026235": 3.2002262564082535, "step_00028620": 3.2003470270928243, "step_00031005": 3.195381326231891, "step_00033390": 3.188789809807674, "step_00035775": 3.186434422695009, "step_00038160": 3.179846211257369, "step_00040545": 3.1771346200711656, "step_00042930": 3.1693394201697203, "step_00045315": 3.181311698532378, "step_00050085": 3.1671264409970075, "step_00052470": 3.1668227689966173, "step_00054855": 3.1649849703506816, "step_00057240": 3.164008389508912, "step_00062010": 3.1514824371654413, "step_00064395": 3.154278982323082, "step_00066780": 3.148932318662039, "step_00069165": 3.1534005252827977, "step_00073935": 3.1485444500025754, "step_00076320": 3.1521701240998707, "step_00078705": 3.1490939321685976, "step_00081090": 3.1471918883613816}