{"main": 3.0871533922327514, "step_00047700": 3.10866776606363, "step_00059625": 3.095435744132011, "step_00071550": 3.090900524257026, "step_00002385": 3.4225140638073994, "step_00004770": 3.297036106726645, "step_00007155": 3.2557283835292865, "step_00009540": 3.205196338509761, "step_00011925": 3.189658436636484, "step_00014310": 3.17676372582784, "step_00016695": 3.171121095761098, "step_00019080": 3.154241476628507, "step_00021465": 3.149501130366467, "step_00023850": 3.1468110429388263, "step_00026235": 3.1338621403345, "step_00028620": 3.145280549013817, "step_00031005": 3.1298043077242617, "step_00033390": 3.125663454062234, "step_00035775": 3.12086095340524, "step_00038160": 3.120664353181143, "step_00040545": 3.1149138729241606, "step_00042930": 3.116275218538856, "step_00045315": 3.110530024008584, "step_00050085": 3.1078571594779887, "step_00052470": 3.1072351510005514, "step_00054855": 3.10728531576429, "step_00057240": 3.100102106730143, "step_00062010": 3.0979018438011376, "step_00064395": 3.098402789957429, "step_00066780": 3.0923137991820613, "step_00069165": 3.0936730277267204, "step_00073935": 3.088119996128891, "step_00076320": 3.091436583520545, "step_00078705": 3.0901689074171834, "step_00081090": 3.088383222134283}