{"main": 2.6065462777615083, "step_00047700": 2.629442496466798, "step_00059625": 2.619197327835202, "step_00071550": 2.61459164603815, "step_00002385": 3.070504077656595, "step_00004770": 2.8940602975701535, "step_00007155": 2.8207303120254177, "step_00009540": 2.7784188473915816, "step_00011925": 2.7438066861248975, "step_00014310": 2.7259659904653093, "step_00016695": 2.7100599587293366, "step_00019080": 2.6970067146102368, "step_00021465": 2.6867115754764654, "step_00023850": 2.6753521162182357, "step_00026235": 2.6669647880470966, "step_00028620": 2.6649830113715556, "step_00031005": 2.6591465704217843, "step_00033390": 2.6541081867216065, "step_00035775": 2.64800595553335, "step_00038160": 2.643390261084055, "step_00040545": 2.6396386252151016, "step_00042930": 2.632803638287681, "step_00045315": 2.6332343935697837, "step_00050085": 2.62538374388616, "step_00052470": 2.6277160337288294, "step_00054855": 2.624325581784865, "step_00057240": 2.624988916198193, "step_00062010": 2.6143811025523767, "step_00064395": 2.6149607123812797, "step_00066780": 2.6167759396360193, "step_00069165": 2.6122851793552564, "step_00073935": 2.6113414001181536, "step_00076320": 2.6094209079834263, "step_00078705": 2.614310662391317, "step_00081090": 2.608046691722006}