{"main": 3.147914361621581, "step_00047700": 3.165418915097964, "step_00059625": 3.1537774426847713, "step_00071550": 3.150911121528624, "step_00002385": 3.4441772915744995, "step_00004770": 3.347822265531215, "step_00007155": 3.284953483351184, "step_00009540": 3.253046912972103, "step_00011925": 3.2338634771148924, "step_00014310": 3.225673253676413, "step_00016695": 3.2234969480778686, "step_00019080": 3.2094714175089294, "step_00021465": 3.202960919342283, "step_00023850": 3.199346407371768, "step_00026235": 3.1892991665811037, "step_00028620": 3.190269888851687, "step_00031005": 3.183977842550741, "step_00033390": 3.183645527569443, "step_00035775": 3.1759040101437606, "step_00038160": 3.17497896793997, "step_00040545": 3.173356621340146, "step_00042930": 3.1711685378100634, "step_00045315": 3.167532171462555, "step_00050085": 3.165500126908827, "step_00052470": 3.162874141278704, "step_00054855": 3.1635003656765592, "step_00057240": 3.156698588635242, "step_00062010": 3.150280972749233, "step_00064395": 3.152969887866712, "step_00066780": 3.150142873024701, "step_00069165": 3.156920898842338, "step_00073935": 3.1517666968818667, "step_00076320": 3.1501919149839592, "step_00078705": 3.149966170079052, "step_00081090": 3.1429660755990594}