{"main": 2.4905064019163325, "step_00047700": 2.5239362671858365, "step_00059625": 2.5099890926313604, "step_00071550": 2.4998000768383273, "step_00002385": 3.0377626392934634, "step_00004770": 2.8306506246700804, "step_00007155": 2.747140036941283, "step_00009540": 2.69753369484444, "step_00011925": 2.6619350279825826, "step_00014310": 2.638290060785212, "step_00016695": 2.620356917991865, "step_00019080": 2.6044425649785574, "step_00021465": 2.594500299702656, "step_00023850": 2.580678105500848, "step_00026235": 2.5714166273325345, "step_00028620": 2.564019337366702, "step_00031005": 2.5583143725890505, "step_00033390": 2.5526514170575743, "step_00035775": 2.545086720345866, "step_00038160": 2.540377444674846, "step_00040545": 2.535486537397604, "step_00042930": 2.5303120654006883, "step_00045315": 2.528093080092248, "step_00050085": 2.5199239196725567, "step_00052470": 2.5198687895158596, "step_00054855": 2.51461951102763, "step_00057240": 2.51296997706535, "step_00062010": 2.5060991236870955, "step_00064395": 2.503885572903275, "step_00066780": 2.5022455372177315, "step_00069165": 2.5011570406629278, "step_00073935": 2.496596528672459, "step_00076320": 2.4961614104671277, "step_00078705": 2.4945235645348505, "step_00081090": 2.490746512493133}