{"main": 2.7049054291081758, "step_00047700": 2.729909749383737, "step_00059625": 2.719259115179844, "step_00071550": 2.7108767208958278, "step_00002385": 3.1400226964688747, "step_00004770": 2.9764816080344256, "step_00007155": 2.9086383038479586, "step_00009540": 2.865570438614001, "step_00011925": 2.8375177186083973, "step_00014310": 2.820975124897026, "step_00016695": 2.8068126382165404, "step_00019080": 2.7964820564342703, "step_00021465": 2.7848271917207543, "step_00023850": 2.7729083938301646, "step_00026235": 2.7673238578865553, "step_00028620": 2.8239950469907398, "step_00031005": 2.7578266248720587, "step_00033390": 2.7541673526830346, "step_00035775": 2.7469813459551107, "step_00038160": 2.745567871102347, "step_00040545": 2.740939451690288, "step_00042930": 2.7352632047504315, "step_00045315": 2.7361365985342823, "step_00050085": 2.728590850750947, "step_00052470": 2.7276015882241973, "step_00054855": 2.7257067135332353, "step_00057240": 2.7232893462357914, "step_00062010": 2.717747481991292, "step_00064395": 2.717099445175377, "step_00066780": 2.714221936028357, "step_00069165": 2.7129686778745943, "step_00073935": 2.708650703558153, "step_00076320": 2.7091315791783237, "step_00078705": 2.7072887832916703, "step_00081090": 2.7049210042500196}