{"main": 2.5182403944183926, "step_00047700": 2.5550711098031855, "step_00059625": 2.540108912292989, "step_00071550": 2.528322764386703, "step_00002385": 3.0661167458319514, "step_00004770": 2.8684157054704174, "step_00007155": 2.7858044371891157, "step_00009540": 2.730568962345307, "step_00011925": 2.6938281377986963, "step_00014310": 2.669605343563101, "step_00016695": 2.649691736177938, "step_00019080": 2.6334253406944734, "step_00021465": 2.620416694575464, "step_00023850": 2.609458735330602, "step_00026235": 2.6002295148638863, "step_00028620": 2.593994667993611, "step_00031005": 2.58619492133605, "step_00033390": 2.5819745868035358, "step_00035775": 2.5735120213293095, "step_00038160": 2.5701356917418217, "step_00040545": 2.5644505580315164, "step_00042930": 2.558362630419349, "step_00045315": 2.556128826646428, "step_00050085": 2.552652245978551, "step_00052470": 2.548859334924968, "step_00054855": 2.5481338910552425, "step_00057240": 2.5453681038970024, "step_00062010": 2.5364371641105716, "step_00064395": 2.533765860572015, "step_00066780": 2.5319182520590706, "step_00069165": 2.530072719389922, "step_00073935": 2.525189498071176, "step_00076320": 2.523010378964879, "step_00078705": 2.521415706883442, "step_00081090": 2.523125063308168}