{"main": 3.3685406761759498, "step_00047700": 3.377147522160226, "step_00059625": 3.3783266944392882, "step_00071550": 3.385814273340295, "step_00002385": 3.6475963253536277, "step_00004770": 3.5420309344512275, "step_00007155": 3.498341787767518, "step_00009540": 3.4607015948294615, "step_00011925": 3.450209350816492, "step_00014310": 3.4356260544646595, "step_00016695": 3.434579240960729, "step_00019080": 3.4224717510550073, "step_00021465": 3.4263164573603784, "step_00023850": 3.4170849915533568, "step_00026235": 3.409998492465794, "step_00028620": 3.4033425187654265, "step_00031005": 3.410488595827709, "step_00033390": 3.4080316455265067, "step_00035775": 3.391583690411779, "step_00038160": 3.3996230290087976, "step_00040545": 3.388080826989697, "step_00042930": 3.3911554546684446, "step_00045315": 3.397783339084648, "step_00050085": 3.387405510687286, "step_00052470": 3.3866944280566558, "step_00054855": 3.3783741392236437, "step_00057240": 3.3792991804260866, "step_00062010": 3.383406466891643, "step_00064395": 3.3715859989093184, "step_00066780": 3.3682716639895243, "step_00069165": 3.3764327050378835, "step_00073935": 3.3646650434492846, "step_00076320": 3.375760280189639, "step_00078705": 3.3730338527589177, "step_00081090": 3.36785671332898}