{"main": 3.197992063477205, "step_00047700": 3.221095916824833, "step_00059625": 3.20450854811896, "step_00071550": 3.2039820851666154, "step_00002385": 3.48558402667156, "step_00004770": 3.3770865038803577, "step_00007155": 3.3402062592948956, "step_00009540": 3.301618918779565, "step_00011925": 3.2861307849407293, "step_00014310": 3.2848744579720415, "step_00016695": 3.271915811980462, "step_00019080": 3.2567008972607585, "step_00021465": 3.2512575854924926, "step_00023850": 3.2467488607308144, "step_00026235": 3.2421028428428413, "step_00028620": 3.2412062008052156, "step_00031005": 3.24671315939254, "step_00033390": 3.2369966846927953, "step_00035775": 3.231098096113277, "step_00038160": 3.2302989107105384, "step_00040545": 3.221654295628248, "step_00042930": 3.2221119341804365, "step_00045315": 3.2184847100692995, "step_00050085": 3.2164084668092077, "step_00052470": 3.2217279304566135, "step_00054855": 3.2147582403291226, "step_00057240": 3.2088937415521768, "step_00062010": 3.205844400334959, "step_00064395": 3.20354239788243, "step_00066780": 3.206614141482795, "step_00069165": 3.205298744760266, "step_00073935": 3.1998221760913745, "step_00076320": 3.209123923968546, "step_00078705": 3.205944014118236, "step_00081090": 3.2016935828669446}