{"main": 2.5818748479982645, "step_00047700": 2.610803044811914, "step_00059625": 2.598894520095078, "step_00071550": 2.5895068013406735, "step_00002385": 3.076600412100315, "step_00004770": 2.88845812661363, "step_00007155": 2.8153701277937806, "step_00009540": 2.7674838042215253, "step_00011925": 2.7337653104508175, "step_00014310": 2.7125613643018665, "step_00016695": 2.696873063631806, "step_00019080": 2.6822071260566767, "step_00021465": 2.6720147336562428, "step_00023850": 2.660219534062333, "step_00026235": 2.651447341960367, "step_00028620": 2.650066575928805, "step_00031005": 2.6400593982029097, "step_00033390": 2.6362913526293927, "step_00035775": 2.629246205439506, "step_00038160": 2.6266069840124655, "step_00040545": 2.621491742632326, "step_00042930": 2.6152144052825532, "step_00045315": 2.6153241260646185, "step_00050085": 2.611634805148265, "step_00052470": 2.6064246081836986, "step_00054855": 2.6041121154358047, "step_00057240": 2.6013948112158376, "step_00062010": 2.5948605587726195, "step_00064395": 2.5935627408165396, "step_00066780": 2.5934349403740855, "step_00069165": 2.5897634548135673, "step_00073935": 2.5870976918204303, "step_00076320": 2.5839991188274007, "step_00078705": 2.5841109780253166, "step_00081090": 2.581410163642197}