{"main": 2.47864499961077, "step_00047700": 2.5117620364658855, "step_00059625": 2.501155737725664, "step_00071550": 2.487291130868657, "step_00002385": 3.0429484667384314, "step_00004770": 2.8271502357749414, "step_00007155": 2.741731056544752, "step_00009540": 2.689041433703628, "step_00011925": 2.6523624430472577, "step_00014310": 2.6273663385899626, "step_00016695": 2.6090224292331534, "step_00019080": 2.593406773741874, "step_00021465": 2.580982329244131, "step_00023850": 2.5696754502703043, "step_00026235": 2.5601418173183697, "step_00028620": 2.5529549084245073, "step_00031005": 2.545696409260047, "step_00033390": 2.5395609391587994, "step_00035775": 2.533901707189685, "step_00038160": 2.5289207297352294, "step_00040545": 2.5231210860627713, "step_00042930": 2.5177840629187647, "step_00045315": 2.5154897171047668, "step_00050085": 2.5078011530389848, "step_00052470": 2.5077174108576954, "step_00054855": 2.516544935962651, "step_00057240": 2.5122658322761597, "step_00062010": 2.4961853001577348, "step_00064395": 2.4925964042144435, "step_00066780": 2.492066047189666, "step_00069165": 2.4900488488206705, "step_00073935": 2.485559832058195, "step_00076320": 2.4841643482098643, "step_00078705": 2.482384913123013, "step_00081090": 2.479659559088783}