{"main": 2.6476828852190244, "step_00047700": 2.6821909647353284, "step_00059625": 2.6667722367380664, "step_00071550": 2.656555381228606, "step_00002385": 3.1470174509783893, "step_00004770": 2.9681071286268885, "step_00007155": 2.8915914834168475, "step_00009540": 2.8434744626131003, "step_00011925": 2.809402004394148, "step_00014310": 2.78880785061575, "step_00016695": 2.771542457497723, "step_00019080": 2.7575774844663354, "step_00021465": 2.74597735388849, "step_00023850": 2.7344896754044243, "step_00026235": 2.7258216584957276, "step_00028620": 2.721951222180392, "step_00031005": 2.7140278333133665, "step_00033390": 2.709145734457177, "step_00035775": 2.702157821964959, "step_00038160": 2.699127633682506, "step_00040545": 2.6945809776043945, "step_00042930": 2.6879332624871917, "step_00045315": 2.6862234142417183, "step_00050085": 2.678950461567584, "step_00052470": 2.6760394657715696, "step_00054855": 2.67357802342206, "step_00057240": 2.6704238904496975, "step_00062010": 2.6641056504901184, "step_00064395": 2.661614260891377, "step_00066780": 2.6598853243103138, "step_00069165": 2.6579633827850335, "step_00073935": 2.6537721967921835, "step_00076320": 2.652788411835817, "step_00078705": 2.6508653714162995, "step_00081090": 2.6480923054331127}