{"main": 3.362790966981553, "step_00047700": 3.3680193070577955, "step_00059625": 3.365435484466287, "step_00071550": 3.369328154840569, "step_00002385": 3.6263225446395078, "step_00004770": 3.5101879720584312, "step_00007155": 3.4758436062667633, "step_00009540": 3.4471358146317743, "step_00011925": 3.4377207710127, "step_00014310": 3.433360549031504, "step_00016695": 3.4311807888302983, "step_00019080": 3.4233606233628064, "step_00021465": 3.4195195750559093, "step_00023850": 3.3942280830699043, "step_00026235": 3.370298363883533, "step_00028620": 3.3768065429031786, "step_00031005": 3.3860683366671567, "step_00033390": 3.3814189388380265, "step_00035775": 3.3750824222943745, "step_00038160": 3.3772697300237846, "step_00040545": 3.373918551715811, "step_00042930": 3.3669245054281727, "step_00045315": 3.3708479572724817, "step_00050085": 3.3712655400868394, "step_00052470": 3.372400293411766, "step_00054855": 3.3690291930114458, "step_00057240": 3.3670768009983743, "step_00062010": 3.3634231841068387, "step_00064395": 3.3653728134733223, "step_00066780": 3.3635769238166207, "step_00069165": 3.3610475649479055, "step_00073935": 3.3644841416549838, "step_00076320": 3.3633111072988497, "step_00078705": 3.3613863392605006, "step_00081090": 3.361081123229935}