{"main": 3.3240060210594313, "step_00047700": 3.324623994909332, "step_00059625": 3.3195901771862717, "step_00071550": 3.317653617905779, "step_00002385": 3.5827613631078292, "step_00004770": 3.4731120893980143, "step_00007155": 3.442246920553003, "step_00009540": 3.40756044725345, "step_00011925": 3.391617339840924, "step_00014310": 3.378870651898289, "step_00016695": 3.375805925917513, "step_00019080": 3.37378397177927, "step_00021465": 3.3613155818918496, "step_00023850": 3.366817651994647, "step_00026235": 3.351325355575505, "step_00028620": 3.354112635697285, "step_00031005": 3.349561894338069, "step_00033390": 3.3441116921458667, "step_00035775": 3.3356072657959697, "step_00038160": 3.3395981082806845, "step_00040545": 3.339367070737322, "step_00042930": 3.3272186454948014, "step_00045315": 3.3352719732689775, "step_00050085": 3.3370496784900694, "step_00052470": 3.328796963202272, "step_00054855": 3.326836168704964, "step_00057240": 3.321537231744447, "step_00062010": 3.3181402438049847, "step_00064395": 3.3186012755845127, "step_00066780": 3.3209544067816568, "step_00069165": 3.3263872493805637, "step_00073935": 3.3104571974245744, "step_00076320": 3.3246780440739445, "step_00078705": 3.316741758256485, "step_00081090": 3.3111595063149943}