{"main": 3.4044631028903165, "step_00047700": 3.4336457428348965, "step_00059625": 3.4149405907666286, "step_00071550": 3.411425384286241, "step_00002385": 3.661555569915834, "step_00004770": 3.569062344438349, "step_00007155": 3.527755839735288, "step_00009540": 3.5026129630471177, "step_00011925": 3.496338569881046, "step_00014310": 3.4729031156599706, "step_00016695": 3.482940146850284, "step_00019080": 3.4620910262358136, "step_00021465": 3.4531458953051652, "step_00023850": 3.451747860143576, "step_00026235": 3.453049079630859, "step_00028620": 3.442483062139424, "step_00031005": 3.4479313103103952, "step_00033390": 3.434475787226672, "step_00035775": 3.431679034448017, "step_00038160": 3.429358833223502, "step_00040545": 3.4260055339866375, "step_00042930": 3.4226904648099126, "step_00045315": 3.426923289159311, "step_00050085": 3.42109934720952, "step_00052470": 3.4266832160598013, "step_00054855": 3.415203667180359, "step_00057240": 3.4158552735097536, "step_00062010": 3.409388860115578, "step_00064395": 3.4110613647383565, "step_00066780": 3.40447059256013, "step_00069165": 3.4077458966586756, "step_00073935": 3.4077244297790372, "step_00076320": 3.4155744536932655, "step_00078705": 3.4058677983367036, "step_00081090": 3.4043977271335777}