{"main": 2.7264289523802487, "step_00047700": 2.752995818835061, "step_00059625": 2.7424507898962953, "step_00071550": 2.7333408926041782, "step_00002385": 3.1684765824038728, "step_00004770": 3.003895280596126, "step_00007155": 2.934132767661481, "step_00009540": 2.890255846783803, "step_00011925": 2.8635968935340674, "step_00014310": 2.8466504151350747, "step_00016695": 2.830106373840462, "step_00019080": 2.820571443019063, "step_00021465": 2.810531400554714, "step_00023850": 2.797620163445491, "step_00026235": 2.7901455898847622, "step_00028620": 2.788928424865099, "step_00031005": 2.783939174662064, "step_00033390": 2.7799932710998885, "step_00035775": 2.769834251805325, "step_00038160": 2.76909252442534, "step_00040545": 2.7630725016581232, "step_00042930": 2.758692799472242, "step_00045315": 2.7593182990404945, "step_00050085": 2.7533251270606023, "step_00052470": 2.749635332653059, "step_00054855": 2.7471376539766483, "step_00057240": 2.7456950872947243, "step_00062010": 2.739444454901777, "step_00064395": 2.7378478019458794, "step_00066780": 2.7366747817307364, "step_00069165": 2.7341402830390797, "step_00073935": 2.7332859468176776, "step_00076320": 2.7304068933474044, "step_00078705": 2.728875564908522, "step_00081090": 2.728618192467575}