{"main": 2.738119896502066, "step_00047700": 2.765524731383805, "step_00059625": 2.7526249368765687, "step_00071550": 2.7460338331543745, "step_00002385": 3.1465203081381854, "step_00004770": 2.9959381172779618, "step_00007155": 2.9307739989138657, "step_00009540": 2.8919572083829395, "step_00011925": 2.864486971684983, "step_00014310": 2.849032999770218, "step_00016695": 2.8372508922186914, "step_00019080": 2.8264911440009346, "step_00021465": 2.816805899033315, "step_00023850": 2.81060770085004, "step_00026235": 2.8004129471727093, "step_00028620": 2.7980223989857924, "step_00031005": 2.7926649737372746, "step_00033390": 2.7885038536412137, "step_00035775": 2.7824872189480563, "step_00038160": 2.779115866085858, "step_00040545": 2.7748314793592006, "step_00042930": 2.7711345031842227, "step_00045315": 2.7686805966642396, "step_00050085": 2.764656011502876, "step_00052470": 2.763404155676298, "step_00054855": 2.759333878456386, "step_00057240": 2.7551811297294964, "step_00062010": 2.7504667417115547, "step_00064395": 2.748609310582729, "step_00066780": 2.748239082431383, "step_00069165": 2.746911531563446, "step_00073935": 2.7425314885039622, "step_00076320": 2.7426781229639707, "step_00078705": 2.742663576646409, "step_00081090": 2.737231216062363}