{"main": 3.171130882084211, "step_00047700": 3.1930401075377226, "step_00059625": 3.183471598016559, "step_00071550": 3.177695723689743, "step_00002385": 3.512041323963088, "step_00004770": 3.3781472936171877, "step_00007155": 3.3337847789372854, "step_00009540": 3.294427355765515, "step_00011925": 3.277680290182505, "step_00014310": 3.2645810630765517, "step_00016695": 3.2505927123976543, "step_00019080": 3.241813282623713, "step_00021465": 3.2325532420984278, "step_00023850": 3.2236539486416342, "step_00026235": 3.220024590730618, "step_00028620": 3.217691283591383, "step_00031005": 3.2141050779045277, "step_00033390": 3.2113444381403986, "step_00035775": 3.2067516121652324, "step_00038160": 3.20333016990907, "step_00040545": 3.198318913881223, "step_00042930": 3.1992472017478124, "step_00045315": 3.1899984377960866, "step_00050085": 3.1923374216274705, "step_00052470": 3.189008436567396, "step_00054855": 3.1909744950548298, "step_00057240": 3.1831017090291964, "step_00062010": 3.1782027375280455, "step_00064395": 3.1743449813101874, "step_00066780": 3.1770348013045724, "step_00069165": 3.1767957993546267, "step_00073935": 3.1701282704372287, "step_00076320": 3.1781210909854973, "step_00078705": 3.1787129528477065, "step_00081090": 3.173925895520933}