{"main": 2.7880177275613303, "step_00047700": 2.8192702643916734, "step_00059625": 2.8039413443404957, "step_00071550": 2.796497873682586, "step_00002385": 3.2275221079642886, "step_00004770": 3.0655901041755764, "step_00007155": 3.0021086609087573, "step_00009540": 2.959725421096819, "step_00011925": 2.9302295606855826, "step_00014310": 2.913353098193487, "step_00016695": 2.902746558384777, "step_00019080": 2.8910111370840856, "step_00021465": 2.8781713897931334, "step_00023850": 2.8703846032686395, "step_00026235": 2.86182707231862, "step_00028620": 2.857063135537083, "step_00031005": 2.850554674112804, "step_00033390": 2.846111286226244, "step_00035775": 2.8375824215079497, "step_00038160": 2.8348364767738112, "step_00040545": 2.8301324496575004, "step_00042930": 2.825192808665303, "step_00045315": 2.8229609175896795, "step_00050085": 2.8176702857872327, "step_00052470": 2.8152421884081495, "step_00054855": 2.809846771371533, "step_00057240": 2.8084141595567305, "step_00062010": 2.8020030047849076, "step_00064395": 2.800549735399671, "step_00066780": 2.7998793587482407, "step_00069165": 2.7969825095608694, "step_00073935": 2.793274589186686, "step_00076320": 2.791228912985977, "step_00078705": 2.7908259698099545, "step_00081090": 2.786860825047828}