{"success":{"0":true},"loss":{"0":0.0004080789},"exponents":{"0":[0.240746883,0.7279816328]},"coefficients":{"0":[4.6363909827,16.1496299229]},"irreducible_error":{"0":0.6285489014}}