{"success":{"0":true},"loss":{"0":0.0002076018},"exponents":{"0":[0.2989180518,0.6928331414]},"coefficients":{"0":[5.4574988414,14.9719740349]},"irreducible_error":{"0":0.7663168139}}