{"success":{"0":true},"loss":{"0":0.0001102575},"exponents":{"0":[0.2880813791,0.3433880468,0.6395016896,0.5200825759]},"coefficients":{"0":[1.7062208519,0.0047673312,10.018526774,11.3779063054]},"irreducible_error":{"0":0.4032489291}}