{"success":{"0":true},"loss":{"0":0.0000133978},"exponents":{"0":[0.2764406077,0.4738182992]},"coefficients":{"0":[5.0154675479,9.9100065846]},"irreducible_error":{"0":0.5670625496}}