{"success":{"0":true},"loss":{"0":0.0001838567},"exponents":{"0":[0.2844092028,0.6731628979]},"coefficients":{"0":[5.1054557426,14.5643952293]},"irreducible_error":{"0":0.7666011695}}