{"success":{"0":true},"loss":{"0":0.0001799117},"exponents":{"0":[0.2805189666,0.6881520225]},"coefficients":{"0":[4.981821774,14.96852221]},"irreducible_error":{"0":0.7449207772}}