{"success":{"0":true},"loss":{"0":0.0000167819},"exponents":{"0":[1.415479172,0.5519570927]},"coefficients":{"0":[24.7239839379,11.5254425128]},"irreducible_error":{"0":1.0461903546}}