{"success":{"0":true},"loss":{"0":0.0003126897},"exponents":{"0":[0.2325867016,0.6451646291]},"coefficients":{"0":[4.3984392929,14.049879966]},"irreducible_error":{"0":0.6434573154}}