{"success":{"0":true},"loss":{"0":0.0004199462},"exponents":{"0":[0.2607743843,0.1418010881,0.5420589921]},"coefficients":{"0":[2.1161206619,0.7321112501,11.5418232414]},"irreducible_error":{"0":-155.5414963039}}