{"success":{"0":true},"loss":{"0":0.0005719375},"exponents":{"0":[0.2442197772,0.6099171547]},"coefficients":{"0":[4.560218379,13.1801176946]},"irreducible_error":{"0":0.6701923538}}