{"success":{"0":true},"loss":{"0":0.0000225732},"exponents":{"0":[0.2845070338,0.4494161333]},"coefficients":{"0":[4.9946926692,9.8396405924]},"irreducible_error":{"0":0.7131557174}}