{"success":{"0":true},"loss":{"0":0.0002059023},"exponents":{"0":[0.3277969208,0.6776928797]},"coefficients":{"0":[5.8752636648,14.9094432032]},"irreducible_error":{"0":0.7967035756}}