{"success":{"0":true},"loss":{"0":0.0001889824},"exponents":{"0":[0.3002214935,0.6774945895]},"coefficients":{"0":[5.3055682648,14.929182661]},"irreducible_error":{"0":0.7896730257}}