{"success":{"0":true},"loss":{"0":0.00069233},"exponents":{"0":[0.2575546364,0.5909317455]},"coefficients":{"0":[4.8761769847,12.6984060933]},"irreducible_error":{"0":0.6655226816}}