{"success":{"0":true},"loss":{"0":0.0002949708},"exponents":{"0":[0.2195783536,0.4758917337,0.3636454068,0.4935127042]},"coefficients":{"0":[1.082043835,-0.2186969889,6.0902355695,10.4720427681]},"irreducible_error":{"0":0.4282048563}}