{"success":{"0":true},"loss":{"0":0.0001795024},"exponents":{"0":[0.290064619,0.6899426627]},"coefficients":{"0":[5.1929162223,14.9722211811]},"irreducible_error":{"0":0.7732256439}}