{"success":{"0":true},"loss":{"0":0.0002035445},"exponents":{"0":[0.3113852052,0.6910945493]},"coefficients":{"0":[5.6553600312,14.9498664277]},"irreducible_error":{"0":0.7780585886}}