{"success":{"0":true},"loss":{"0":0.0000900742},"exponents":{"0":[0.30146699,0.3655461733,0.5055007692,0.4670177667]},"coefficients":{"0":[1.6375654653,-0.0254911443,7.8653383939,9.9838221358]},"irreducible_error":{"0":0.4195179541}}