{"success":{"0":true},"loss":{"0":0.0002059406},"exponents":{"0":[0.2970133066,0.6903991635]},"coefficients":{"0":[5.3627962101,14.9717677508]},"irreducible_error":{"0":0.7458889548}}