{"success":{"0":true},"loss":{"0":0.0000892444},"exponents":{"0":[0.1899944664,0.484213624,0.3684226988,0.676977943]},"coefficients":{"0":[1.0315727232,-0.2150470569,6.1889354036,14.9741663216]},"irreducible_error":{"0":0.3717938489}}