{"success":{"0":true},"loss":{"0":0.0000211338},"exponents":{"0":[0.3138018916,0.540820527]},"coefficients":{"0":[5.4124339543,11.9513972095]},"irreducible_error":{"0":0.781717653}}