{"success":{"0":true},"loss":{"0":0.000111878},"exponents":{"0":[0.2446914313,0.3871516764,0.5000838843,0.4761055541]},"coefficients":{"0":[1.4520106404,-0.0781020281,7.9700333376,10.0594263846]},"irreducible_error":{"0":0.39245797}}