{"main": 2.8364269826358957, "step_00047700": 2.862868264668595, "step_00059625": 2.853157513968599, "step_00071550": 2.842551143784622, "step_00002385": 3.2576238866395526, "step_00004770": 3.0991614129645395, "step_00007155": 3.035585419183089, "step_00009540": 2.99374761413634, "step_00011925": 2.9707541465759277, "step_00014310": 2.9523401099671793, "step_00016695": 2.9388168776189176, "step_00019080": 2.9252632204515723, "step_00021465": 2.9161795705978166, "step_00023850": 2.9042679502616724, "step_00026235": 2.8992453492938237, "step_00028620": 2.9624355155604465, "step_00031005": 2.8878994314879627, "step_00033390": 2.886860557033302, "step_00035775": 2.879221214235281, "step_00038160": 2.878489588957247, "step_00040545": 2.8725399213524976, "step_00042930": 2.8712135213512155, "step_00045315": 2.8682159475495252, "step_00050085": 2.860503649954619, "step_00052470": 2.858766987434398, "step_00054855": 2.857281547635824, "step_00057240": 2.8554840791520952, "step_00062010": 2.8519314683636443, "step_00064395": 2.8504060361991526, "step_00066780": 2.847056415543354, "step_00069165": 2.8435533602531757, "step_00073935": 2.840643085690459, "step_00076320": 2.840266214521467, "step_00078705": 2.838599015737845, "step_00081090": 2.836549665321705}