{"main": 3.473336371943687, "step_00047700": 3.4786162225224646, "step_00059625": 3.4779172027924345, "step_00071550": 3.478034759808505, "step_00002385": 3.716245103409925, "step_00004770": 3.6102522023997574, "step_00007155": 3.5794257208891174, "step_00009540": 3.5533744678270667, "step_00011925": 3.546327158262241, "step_00014310": 3.5403468781039256, "step_00016695": 3.53756217049468, "step_00019080": 3.5286695846302836, "step_00021465": 3.5251839326263767, "step_00023850": 3.4993907335570933, "step_00026235": 3.4810862724372194, "step_00028620": 3.484620834368952, "step_00031005": 3.4941914438883854, "step_00033390": 3.490296396704097, "step_00035775": 3.4881691069564864, "step_00038160": 3.4844405561703877, "step_00040545": 3.487653480839275, "step_00042930": 3.4793508200097394, "step_00045315": 3.4795344346518693, "step_00050085": 3.4798861925437348, "step_00052470": 3.4780818011960495, "step_00054855": 3.4776328982595683, "step_00057240": 3.4777889181370374, "step_00062010": 3.4749708512209887, "step_00064395": 3.4787537773670025, "step_00066780": 3.4752829223840704, "step_00069165": 3.4732877322577766, "step_00073935": 3.476523656357607, "step_00076320": 3.472553655960061, "step_00078705": 3.475543919339382, "step_00081090": 3.4753912869253942}