{"main": 2.6280899405650393, "step_00047700": 2.6613933442191398, "step_00059625": 2.6475942485695416, "step_00071550": 2.636372823997053, "step_00002385": 3.158099959776358, "step_00004770": 2.960579406125847, "step_00007155": 2.8785442455067445, "step_00009540": 2.831776680735823, "step_00011925": 2.798700545550223, "step_00014310": 2.7751398681067854, "step_00016695": 2.757195884613345, "step_00019080": 2.740247076290647, "step_00021465": 2.7305054080410587, "step_00023850": 2.716849938715806, "step_00026235": 2.709076615599574, "step_00028620": 2.70086965252449, "step_00031005": 2.6952621874885465, "step_00033390": 2.6890442212312786, "step_00035775": 2.682200520632331, "step_00038160": 2.6771356732575184, "step_00040545": 2.6731671882601358, "step_00042930": 2.668778536353192, "step_00045315": 2.666203028383716, "step_00050085": 2.6579840297130892, "step_00052470": 2.6577684404456305, "step_00054855": 2.652508090666341, "step_00057240": 2.6498379339096707, "step_00062010": 2.6455794988817134, "step_00064395": 2.6427482903321193, "step_00066780": 2.6411540368692084, "step_00069165": 2.638936275623539, "step_00073935": 2.6344752917766474, "step_00076320": 2.634192747265998, "step_00078705": 2.631053700087574, "step_00081090": 2.627965572274286}