{"main": 2.7420995092140408, "step_00047700": 2.7651622493268038, "step_00059625": 2.755065330366599, "step_00071550": 2.7487330365940528, "step_00002385": 3.1887214113468763, "step_00004770": 3.0220252116716586, "step_00007155": 2.952241344716651, "step_00009540": 2.909169047051242, "step_00011925": 2.879243190269982, "step_00014310": 2.859639230730152, "step_00016695": 2.844940552211301, "step_00019080": 2.8311284438578523, "step_00021465": 2.8206657742384245, "step_00023850": 2.8091859282821545, "step_00026235": 2.803340434222113, "step_00028620": 2.7992296528374165, "step_00031005": 2.7937874770804374, "step_00033390": 2.789242306300984, "step_00035775": 2.7829657080744505, "step_00038160": 2.777422983360398, "step_00040545": 2.7743506454170985, "step_00042930": 2.7685137375276416, "step_00045315": 2.76828004092839, "step_00050085": 2.7610618609052, "step_00052470": 2.7621259910665654, "step_00054855": 2.7572929861786863, "step_00057240": 2.76046499139802, "step_00062010": 2.7510675565675253, "step_00064395": 2.7516059638950283, "step_00066780": 2.7541568267604313, "step_00069165": 2.7471192059177914, "step_00073935": 2.7463704825082633, "step_00076320": 2.7449006065497312, "step_00078705": 2.7489983416731985, "step_00081090": 2.743646898424252}