{"main": 3.264697603980578, "step_00047700": 3.2834446758331026, "step_00059625": 3.2751561426842857, "step_00071550": 3.267687328011744, "step_00002385": 3.5434500888292235, "step_00004770": 3.4579244520155727, "step_00007155": 3.3940467762424427, "step_00009540": 3.369116439533097, "step_00011925": 3.3495478471804048, "step_00014310": 3.339964774221066, "step_00016695": 3.3375328637322204, "step_00019080": 3.323440796245539, "step_00021465": 3.316116811774398, "step_00023850": 3.3134519355972634, "step_00026235": 3.304424380455025, "step_00028620": 3.304734054597961, "step_00031005": 3.2972011224971007, "step_00033390": 3.29803652361362, "step_00035775": 3.294201883325028, "step_00038160": 3.29008587128167, "step_00040545": 3.2911215224878583, "step_00042930": 3.2889691979956903, "step_00045315": 3.286540166639544, "step_00050085": 3.2798311604239174, "step_00052470": 3.2765915257670404, "step_00054855": 3.2807139825855116, "step_00057240": 3.27430051320939, "step_00062010": 3.2714123461510747, "step_00064395": 3.2718704391566242, "step_00066780": 3.2702008623784744, "step_00069165": 3.272530262293422, "step_00073935": 3.2693440323236462, "step_00076320": 3.2658231419951327, "step_00078705": 3.268931087009537, "step_00081090": 3.260935609872115}