{"main": 2.6598043257316784, "step_00047700": 2.696065882304437, "step_00059625": 2.6811135440692384, "step_00071550": 2.6697522257896407, "step_00002385": 3.1872723531928178, "step_00004770": 2.9991892879919253, "step_00007155": 2.9180788397422655, "step_00009540": 2.864576514957626, "step_00011925": 2.831975625738993, "step_00014310": 2.8077247114827264, "step_00016695": 2.7884397746671103, "step_00019080": 2.77234999371757, "step_00021465": 2.7582167104066726, "step_00023850": 2.7484728006267862, "step_00026235": 2.7412034863149306, "step_00028620": 2.7332220694870277, "step_00031005": 2.7268606038385177, "step_00033390": 2.722347829728262, "step_00035775": 2.7141491464356178, "step_00038160": 2.70881780755493, "step_00040545": 2.7044340579071586, "step_00042930": 2.7012416994539934, "step_00045315": 2.6976741945137865, "step_00050085": 2.6937344015145297, "step_00052470": 2.6890642369496875, "step_00054855": 2.6881040833666052, "step_00057240": 2.686418813953046, "step_00062010": 2.677775802865817, "step_00064395": 2.676741716455568, "step_00066780": 2.6751218957750553, "step_00069165": 2.670961294957444, "step_00073935": 2.6663205337387645, "step_00076320": 2.6643623486451258, "step_00078705": 2.6636128139542254, "step_00081090": 2.6645553359253147}