{"main": 3.3134262705406092, "step_00047700": 3.335811937815145, "step_00059625": 3.32142102193256, "step_00071550": 3.318842570353326, "step_00002385": 3.581059953370707, "step_00004770": 3.4820334429722344, "step_00007155": 3.4465152083838286, "step_00009540": 3.4147570986797566, "step_00011925": 3.4002967804725284, "step_00014310": 3.392091901569527, "step_00016695": 3.3815663723006795, "step_00019080": 3.369317968210171, "step_00021465": 3.3642941535899102, "step_00023850": 3.3562993380750354, "step_00026235": 3.3556892352865213, "step_00028620": 3.355922841263755, "step_00031005": 3.358019247611413, "step_00033390": 3.349830912886719, "step_00035775": 3.345351858293881, "step_00038160": 3.3436634826796925, "step_00040545": 3.3381071553150177, "step_00042930": 3.3381984266461076, "step_00045315": 3.3319700583891896, "step_00050085": 3.3297149778828956, "step_00052470": 3.333976120422229, "step_00054855": 3.329497345437576, "step_00057240": 3.326518634307875, "step_00062010": 3.3237194593410417, "step_00064395": 3.3212486681965525, "step_00066780": 3.3255057942547337, "step_00069165": 3.3201134766352225, "step_00073935": 3.3156196052630986, "step_00076320": 3.3219109821505195, "step_00078705": 3.3231426452887005, "step_00081090": 3.3189102404187434}