{"main": 3.5088675779974916, "step_00047700": 3.5364004651729846, "step_00059625": 3.516862223099988, "step_00071550": 3.5164389158218423, "step_00002385": 3.7464595146292523, "step_00004770": 3.6615010667985346, "step_00007155": 3.62027236048107, "step_00009540": 3.6008790813247535, "step_00011925": 3.597541829377651, "step_00014310": 3.5729744066055913, "step_00016695": 3.5777095928467633, "step_00019080": 3.561559136127307, "step_00021465": 3.5531439258289788, "step_00023850": 3.5524387863590396, "step_00026235": 3.555459841429467, "step_00028620": 3.5417644873771286, "step_00031005": 3.546291869113104, "step_00033390": 3.531768347342174, "step_00035775": 3.5362034549334087, "step_00038160": 3.529104443803915, "step_00040545": 3.527969200013725, "step_00042930": 3.5261655081200125, "step_00045315": 3.52818495632317, "step_00050085": 3.52440907585892, "step_00052470": 3.5232348699985874, "step_00054855": 3.516446298787008, "step_00057240": 3.5177932728804713, "step_00062010": 3.515816814927287, "step_00064395": 3.5175609479940126, "step_00066780": 3.5117150891195967, "step_00069165": 3.515371769794893, "step_00073935": 3.511987273406357, "step_00076320": 3.5170352980387647, "step_00078705": 3.5124163178483183, "step_00081090": 3.5085064868071214}