{"main": 3.3025388952723977, "step_00047700": 3.3214523666121387, "step_00059625": 3.303686911772568, "step_00071550": 3.302652052864875, "step_00002385": 3.5845899027504164, "step_00004770": 3.4642320119120797, "step_00007155": 3.4304631266577323, "step_00009540": 3.400160717197286, "step_00011925": 3.385541221934785, "step_00014310": 3.3697841143515284, "step_00016695": 3.360907600175599, "step_00019080": 3.3507423723508434, "step_00021465": 3.344759082041957, "step_00023850": 3.3393184982882835, "step_00026235": 3.3332715313152756, "step_00028620": 3.3372559234197694, "step_00031005": 3.33545916150325, "step_00033390": 3.3358824356147876, "step_00035775": 3.321844278239637, "step_00038160": 3.326054199360795, "step_00040545": 3.3175408778511044, "step_00042930": 3.316749824238859, "step_00045315": 3.3104742317140117, "step_00050085": 3.3143863788126824, "step_00052470": 3.31019374959612, "step_00054855": 3.309110362298712, "step_00057240": 3.3072068038911904, "step_00062010": 3.3054285932090335, "step_00064395": 3.305684016904145, "step_00066780": 3.3047625592951158, "step_00069165": 3.3023904005393363, "step_00073935": 3.2977033551661017, "step_00076320": 3.2991845775666575, "step_00078705": 3.299959319496565, "step_00081090": 3.292825501562508}