{"main": 2.7866962587362036, "step_00047700": 2.8219895863894484, "step_00059625": 2.8067557276382087, "step_00071550": 2.795922467122921, "step_00002385": 3.2628720099992914, "step_00004770": 3.093738739753302, "step_00007155": 3.0208205268217436, "step_00009540": 2.9753961792199295, "step_00011925": 2.9460943591836486, "step_00014310": 2.924556023931435, "step_00016695": 2.9076158976095714, "step_00019080": 2.8937501878407224, "step_00021465": 2.8822673913568435, "step_00023850": 2.871913970640218, "step_00026235": 2.863723237002587, "step_00028620": 2.859295911255051, "step_00031005": 2.8524202540550436, "step_00033390": 2.8464303581081096, "step_00035775": 2.8408459286249164, "step_00038160": 2.8374338696614028, "step_00040545": 2.833501631132625, "step_00042930": 2.827374407219804, "step_00045315": 2.8254243133009957, "step_00050085": 2.8169022680452382, "step_00052470": 2.8151345470356564, "step_00054855": 2.8111883595301905, "step_00057240": 2.8094099600572515, "step_00062010": 2.804377257213366, "step_00064395": 2.8018731184363292, "step_00066780": 2.800751640950039, "step_00069165": 2.7958779905668365, "step_00073935": 2.7928460651038978, "step_00076320": 2.791364319236326, "step_00078705": 2.7900193057400213, "step_00081090": 2.7875977459317274}