{"main": 3.285342173458147, "step_00047700": 3.3085326802483888, "step_00059625": 3.3010576974537207, "step_00071550": 3.292300888674349, "step_00002385": 3.6033091578320433, "step_00004770": 3.480690363928129, "step_00007155": 3.4439791312131742, "step_00009540": 3.4056381104642606, "step_00011925": 3.389854263841703, "step_00014310": 3.37357645290256, "step_00016695": 3.359804259316644, "step_00019080": 3.3514161716961173, "step_00021465": 3.3455288637810323, "step_00023850": 3.334830143001817, "step_00026235": 3.332953533196249, "step_00028620": 3.328150312704181, "step_00031005": 3.3287860538304477, "step_00033390": 3.3232225430131423, "step_00035775": 3.3232533318345308, "step_00038160": 3.3147129469830294, "step_00040545": 3.3120669016484428, "step_00042930": 3.3141299912099638, "step_00045315": 3.304868180203257, "step_00050085": 3.304524252659423, "step_00052470": 3.3013966960683265, "step_00054855": 3.3048137223175913, "step_00057240": 3.299933264512455, "step_00062010": 3.294520521317806, "step_00064395": 3.2911828900795204, "step_00066780": 3.2933313558761568, "step_00069165": 3.290553199990903, "step_00073935": 3.2852776472110823, "step_00076320": 3.2916440893406507, "step_00078705": 3.2923431572941477, "step_00081090": 3.291257838725653}