{"main": 3.431840291279209, "step_00047700": 3.433197221876143, "step_00059625": 3.4306688822089977, "step_00071550": 3.4249616387534694, "step_00002385": 3.6728061988104126, "step_00004770": 3.571807270605919, "step_00007155": 3.5437115204917973, "step_00009540": 3.5123948229553514, "step_00011925": 3.497648656331621, "step_00014310": 3.488242668124697, "step_00016695": 3.479057273642984, "step_00019080": 3.4785565060686072, "step_00021465": 3.463141683647071, "step_00023850": 3.46691441343007, "step_00026235": 3.4588612056711465, "step_00028620": 3.456954456650559, "step_00031005": 3.4549087682382855, "step_00033390": 3.4490209298406413, "step_00035775": 3.4461961586293177, "step_00038160": 3.4438734236273505, "step_00040545": 3.445103544066417, "step_00042930": 3.4370889284893567, "step_00045315": 3.4394791894358607, "step_00050085": 3.446409921816103, "step_00052470": 3.431918498898744, "step_00054855": 3.435356277651143, "step_00057240": 3.4298783254975107, "step_00062010": 3.427607825143834, "step_00064395": 3.4279652095871658, "step_00066780": 3.4309726566522, "step_00069165": 3.4366305701631523, "step_00073935": 3.4221620032885505, "step_00076320": 3.430768416372876, "step_00078705": 3.4251045822071458, "step_00081090": 3.422521709687542}