{"main": 3.2330481005091083, "step_00047700": 3.2479814665406925, "step_00059625": 3.244652750721185, "step_00071550": 3.2374127953176104, "step_00002385": 3.534050898262771, "step_00004770": 3.4172317822481175, "step_00007155": 3.378464014455447, "step_00009540": 3.3369402289879027, "step_00011925": 3.329265350934986, "step_00014310": 3.3076514274803883, "step_00016695": 3.303263057550674, "step_00019080": 3.297955911708059, "step_00021465": 3.283967315625568, "step_00023850": 3.283417299582171, "step_00026235": 3.2749547603383853, "step_00028620": 3.274515978785915, "step_00031005": 3.2679844819065784, "step_00033390": 3.26641684207631, "step_00035775": 3.2601239058942584, "step_00038160": 3.256606861964231, "step_00040545": 3.2611590501862064, "step_00042930": 3.254435917340056, "step_00045315": 3.254248829814553, "step_00050085": 3.250751954552776, "step_00052470": 3.2455387060526477, "step_00054855": 3.2438653929876855, "step_00057240": 3.246848769521059, "step_00062010": 3.2401539239940083, "step_00064395": 3.241541291865822, "step_00066780": 3.239194125565953, "step_00069165": 3.2395429386513275, "step_00073935": 3.2362289619333455, "step_00076320": 3.2402475291870334, "step_00078705": 3.2368497043158087, "step_00081090": 3.2345890168209737}