{"main": 3.2048922331331693, "step_00047700": 3.227749638773823, "step_00059625": 3.2173211977658176, "step_00071550": 3.2085699078197045, "step_00002385": 3.5201692031412137, "step_00004770": 3.4050233200470266, "step_00007155": 3.3674673253677585, "step_00009540": 3.32027535377724, "step_00011925": 3.3059947346107217, "step_00014310": 3.2918547473342614, "step_00016695": 3.285337536666169, "step_00019080": 3.27048307041779, "step_00021465": 3.2651372454347634, "step_00023850": 3.2606766398044376, "step_00026235": 3.249785431118633, "step_00028620": 3.2567399089098514, "step_00031005": 3.245448387394526, "step_00033390": 3.2411851592299343, "step_00035775": 3.2370144058582944, "step_00038160": 3.2361496336097186, "step_00040545": 3.232785464029189, "step_00042930": 3.2332824327813334, "step_00045315": 3.226118782337902, "step_00050085": 3.223141333065764, "step_00052470": 3.2231941193104086, "step_00054855": 3.22323193952603, "step_00057240": 3.2198419663852853, "step_00062010": 3.2164467575119744, "step_00064395": 3.2177084788658705, "step_00066780": 3.2121219475893086, "step_00069165": 3.2124809365833276, "step_00073935": 3.2068123632804997, "step_00076320": 3.208578555707535, "step_00078705": 3.208726918213779, "step_00081090": 3.2109926773788158}