{"main": 2.7176359555829235, "step_00047700": 2.747054049737188, "step_00059625": 2.7337868302797985, "step_00071550": 2.723510915316951, "step_00002385": 3.195373986471239, "step_00004770": 3.0167368566787185, "step_00007155": 2.944565800767139, "step_00009540": 2.8992853557579927, "step_00011925": 2.868535657046003, "step_00014310": 2.84707948428103, "step_00016695": 2.8317867241551022, "step_00019080": 2.8147173792801534, "step_00021465": 2.805186399766789, "step_00023850": 2.7942958623567726, "step_00026235": 2.786537300365622, "step_00028620": 2.7832733789652346, "step_00031005": 2.774187903476528, "step_00033390": 2.7694400020601613, "step_00035775": 2.764698900384655, "step_00038160": 2.7611634762920674, "step_00040545": 2.755783871118467, "step_00042930": 2.7503769917520824, "step_00045315": 2.7503727036246852, "step_00050085": 2.747263893079035, "step_00052470": 2.74060720318264, "step_00054855": 2.7370809256920583, "step_00057240": 2.7373390252339598, "step_00062010": 2.7313237516417463, "step_00064395": 2.729873635025939, "step_00066780": 2.7296226658102576, "step_00069165": 2.7235988308369343, "step_00073935": 2.721584082327522, "step_00076320": 2.7187035057515887, "step_00078705": 2.718896868934252, "step_00081090": 2.715947769828029}