{"main": 2.8723253502486257, "step_00047700": 2.8974174662365138, "step_00059625": 2.889000345530556, "step_00071550": 2.878109951136274, "step_00002385": 3.2618297099505407, "step_00004770": 3.1192969194056435, "step_00007155": 3.057444727584442, "step_00009540": 3.0221057729847094, "step_00011925": 2.997429358094619, "step_00014310": 2.979969797051849, "step_00016695": 2.967103207411763, "step_00019080": 2.956938892926527, "step_00021465": 2.9482243382474045, "step_00023850": 2.9426989642305226, "step_00026235": 2.9323173167153085, "step_00028620": 2.9288690965992825, "step_00031005": 2.9229149282576974, "step_00033390": 2.919916727837909, "step_00035775": 2.91323835769532, "step_00038160": 2.909810889184878, "step_00040545": 2.908002190098023, "step_00042930": 2.905042474013668, "step_00045315": 2.8994950577631955, "step_00050085": 2.8944295257653545, "step_00052470": 2.8954081098531703, "step_00054855": 2.8911713144252156, "step_00057240": 2.888135118156983, "step_00062010": 2.8855489176503215, "step_00064395": 2.8829502463951338, "step_00066780": 2.8831935870222467, "step_00069165": 2.8786485580129475, "step_00073935": 2.874532822781326, "step_00076320": 2.875113058300249, "step_00078705": 2.8756227652036466, "step_00081090": 2.87173201359581}