{"main": 3.4747689550857372, "step_00047700": 3.483095077578344, "step_00059625": 3.4850943387714817, "step_00071550": 3.4890815932299852, "step_00002385": 3.731574241608485, "step_00004770": 3.636838230850315, "step_00007155": 3.595169208475225, "step_00009540": 3.5603321707534437, "step_00011925": 3.5537987687846133, "step_00014310": 3.536907292711664, "step_00016695": 3.5337812005801905, "step_00019080": 3.5246761773141086, "step_00021465": 3.5263608459614506, "step_00023850": 3.514441991140549, "step_00026235": 3.51818838365692, "step_00028620": 3.50382742684436, "step_00031005": 3.511845369315543, "step_00033390": 3.508644141701005, "step_00035775": 3.4987229106856574, "step_00038160": 3.502298464212865, "step_00040545": 3.4911664141858365, "step_00042930": 3.495164672729056, "step_00045315": 3.498525763871948, "step_00050085": 3.4920955573748036, "step_00052470": 3.489680566814097, "step_00054855": 3.4816280729432156, "step_00057240": 3.4845167804609383, "step_00062010": 3.4892828834518452, "step_00064395": 3.4777097659530125, "step_00066780": 3.4760992146984178, "step_00069165": 3.4818131261930874, "step_00073935": 3.4731349452575975, "step_00076320": 3.481442004326205, "step_00078705": 3.4827367568743863, "step_00081090": 3.474910529952781}