{"main": 3.262833805791034, "step_00047700": 3.2857316105098566, "step_00059625": 3.271570187102476, "step_00071550": 3.2667884375687093, "step_00002385": 3.5847308660867494, "step_00004770": 3.475371630825339, "step_00007155": 3.418087797095555, "step_00009540": 3.3828180767893423, "step_00011925": 3.373060338762397, "step_00014310": 3.359574685463576, "step_00016695": 3.353876213708927, "step_00019080": 3.3314898928104184, "step_00021465": 3.331915186812364, "step_00023850": 3.3242673751297263, "step_00026235": 3.312220127849739, "step_00028620": 3.311692240467279, "step_00031005": 3.3078300115442305, "step_00033390": 3.302156044344657, "step_00035775": 3.3016756234953477, "step_00038160": 3.291104166350436, "step_00040545": 3.292271289821043, "step_00042930": 3.2839571889051036, "step_00045315": 3.2938761651772404, "step_00050085": 3.278005590450566, "step_00052470": 3.2791334136029144, "step_00054855": 3.2776549619452138, "step_00057240": 3.2805532111151496, "step_00062010": 3.2693753549002937, "step_00064395": 3.2694186993588974, "step_00066780": 3.2657163665568674, "step_00069165": 3.266404573020083, "step_00073935": 3.26290407260894, "step_00076320": 3.2658097693676393, "step_00078705": 3.26426077887944, "step_00081090": 3.2651022965486507}