{"main": 3.2760998928090195, "step_00047700": 3.295184055426843, "step_00059625": 3.287666874558582, "step_00071550": 3.282256709994461, "step_00002385": 3.547047362906892, "step_00004770": 3.4465623582589093, "step_00007155": 3.4067889950456642, "step_00009540": 3.378673592348417, "step_00011925": 3.363700075499764, "step_00014310": 3.3565687673230125, "step_00016695": 3.3489727213646003, "step_00019080": 3.3333896599668775, "step_00021465": 3.3360227060425456, "step_00023850": 3.3292889293406103, "step_00026235": 3.3187928371584774, "step_00028620": 3.312097382225528, "step_00031005": 3.3170031722977718, "step_00033390": 3.310206361968262, "step_00035775": 3.310810476462144, "step_00038160": 3.302761317264152, "step_00040545": 3.307334720880813, "step_00042930": 3.2956200846392854, "step_00045315": 3.3036775000147633, "step_00050085": 3.2922335200147583, "step_00052470": 3.2933613318591988, "step_00054855": 3.2916780988644, "step_00057240": 3.289487353579672, "step_00062010": 3.2854310709588526, "step_00064395": 3.2898893524964943, "step_00066780": 3.289905773631082, "step_00069165": 3.287002534266501, "step_00073935": 3.2821184115145106, "step_00076320": 3.284543154218162, "step_00078705": 3.2831113128553673, "step_00081090": 3.2774215640530335}