{"main": 2.859718569879331, "step_00047700": 2.8849376406344303, "step_00059625": 2.8746526570648374, "step_00071550": 2.864981859586591, "step_00002385": 3.2829277431640045, "step_00004770": 3.1270231244334967, "step_00007155": 3.058599015846284, "step_00009540": 3.0191356734622823, "step_00011925": 2.9963570235572226, "step_00014310": 2.9752563701450665, "step_00016695": 2.9593760382076484, "step_00019080": 2.9491414640116362, "step_00021465": 2.94201818037121, "step_00023850": 2.9286810402082777, "step_00026235": 2.9216591931224674, "step_00028620": 2.919502195655457, "step_00031005": 2.914214966422196, "step_00033390": 2.911208375558773, "step_00035775": 2.9025066122489003, "step_00038160": 2.9001437210201413, "step_00040545": 2.8951974298482157, "step_00042930": 2.8919145013313514, "step_00045315": 2.8914825951276413, "step_00050085": 2.883538411554316, "step_00052470": 2.882353613316048, "step_00054855": 2.8789202367348445, "step_00057240": 2.8796949247751193, "step_00062010": 2.8739374713364305, "step_00064395": 2.871834260131267, "step_00066780": 2.869160788380643, "step_00069165": 2.8650665883401505, "step_00073935": 2.865091174059387, "step_00076320": 2.8616017487859464, "step_00078705": 2.8615750248706675, "step_00081090": 2.8606027548331703}