{"main": 2.921802172514777, "step_00047700": 2.952651715454472, "step_00059625": 2.9375992855730666, "step_00071550": 2.929281188031978, "step_00002385": 3.340014981212393, "step_00004770": 3.1871523592614217, "step_00007155": 3.1282673764976168, "step_00009540": 3.089329825320026, "step_00011925": 3.0613778509509486, "step_00014310": 3.0449847622231316, "step_00016695": 3.032817408030357, "step_00019080": 3.0203855409897686, "step_00021465": 3.0105258380748823, "step_00023850": 3.001529172951265, "step_00026235": 2.9927244833492153, "step_00028620": 2.9876455280092546, "step_00031005": 2.9833887590416337, "step_00033390": 2.9774926760797005, "step_00035775": 2.9706068326278534, "step_00038160": 2.966365013972972, "step_00040545": 2.9632856111696473, "step_00042930": 2.9591118434100236, "step_00045315": 2.9558566451145962, "step_00050085": 2.948356848641317, "step_00052470": 2.949139766604215, "step_00054855": 2.943201301308397, "step_00057240": 2.9431138394968697, "step_00062010": 2.937163504829321, "step_00064395": 2.935439750323211, "step_00066780": 2.9363547922817075, "step_00069165": 2.9289598538479438, "step_00073935": 2.9271143782678575, "step_00076320": 2.9242797572577106, "step_00078705": 2.9249313287963585, "step_00081090": 2.9218747503345703}