{"main": 2.6153651545634404, "step_00047700": 2.649369719892563, "step_00059625": 2.6391123352761983, "step_00071550": 2.6237973889606554, "step_00002385": 3.1612306040736695, "step_00004770": 2.95597373108179, "step_00007155": 2.8718868017660695, "step_00009540": 2.8221945778204023, "step_00011925": 2.787600068345321, "step_00014310": 2.7630274339402168, "step_00016695": 2.7444353730457283, "step_00019080": 2.727956179223376, "step_00021465": 2.7168150078234334, "step_00023850": 2.7068217450772316, "step_00026235": 2.696368741429846, "step_00028620": 2.6886885831576346, "step_00031005": 2.682209055441077, "step_00033390": 2.6761646131967525, "step_00035775": 2.6703636680890535, "step_00038160": 2.664621168107582, "step_00040545": 2.6608476636229517, "step_00042930": 2.656412976939911, "step_00045315": 2.6542173361978527, "step_00050085": 2.645190421381194, "step_00052470": 2.6441747676188085, "step_00054855": 2.6577577503934986, "step_00057240": 2.650006568149767, "step_00062010": 2.6340621883960513, "step_00064395": 2.6314725333905273, "step_00066780": 2.633064689102097, "step_00069165": 2.626480968882378, "step_00073935": 2.6223661926065747, "step_00076320": 2.620226555795265, "step_00078705": 2.6181944568573368, "step_00081090": 2.6170047465601165}