{"main": 2.8054636151447228, "step_00047700": 2.831237066380681, "step_00059625": 2.8208466685470364, "step_00071550": 2.812856614455364}