{"main": 2.6154018698401003, "step_00047700": 2.653611026553193, "step_00059625": 2.6386416643229063, "step_00071550": 2.6262501144086796}