{"main": 3.498494377831801, "step_00047700": 3.526295945381097, "step_00059625": 3.509238265474613, "step_00071550": 3.5057082354741564}