{"main": 3.2137195188914673, "step_00047700": 3.229158747247486, "step_00059625": 3.2215750691734897, "step_00071550": 3.2180639611138497}