{"main": 3.41946104009531, "step_00047700": 3.420533691632701, "step_00059625": 3.4163548358515916, "step_00071550": 3.4129835666630313}