{"main": 2.587651850111879, "step_00047700": 2.6225598355805966, "step_00059625": 2.607833026765043, "step_00071550": 2.5971496217418366}