{"main": 2.890455423747631, "step_00047700": 2.921603289985969, "step_00059625": 2.906455463401804, "step_00071550": 2.899035027930297}