{"main": 3.2656571516319515, "step_00047700": 3.28728319467323, "step_00059625": 3.2796436696481424, "step_00071550": 3.2728450576244525}