{"main": 3.4630811542693865, "step_00047700": 3.4716774181273355, "step_00059625": 3.473639680943121, "step_00071550": 3.480578240642927}