{"main": 3.296013918843237, "step_00047700": 3.3180519932241035, "step_00059625": 3.303423574092422, "step_00071550": 3.301976416814867}