{"main": 3.283083175005812, "step_00047700": 3.303021421566334, "step_00059625": 3.2845715653869467, "step_00071550": 3.283798208712457}