{"main": 2.8270097398484397, "step_00047700": 2.853545696733917, "step_00059625": 2.842823490454657, "step_00071550": 2.8348798472430468}