{"main": 3.4599469430230236, "step_00047700": 3.4643168628423386, "step_00059625": 3.46276904481084, "step_00071550": 3.464706841147207}