{"main": 3.2593230530268538, "step_00047700": 3.276166846702832, "step_00059625": 3.268546632043994, "step_00071550": 3.2649333773761273}