{"main": 2.840491296350651, "step_00047700": 2.8666445463804213, "step_00059625": 2.8549952663327063, "step_00071550": 2.8478494801987293}