{"main": 3.2461635301260157, "step_00047700": 3.2638045719621904, "step_00059625": 3.2551282205876695, "step_00071550": 3.249819306339599}