{"main": 2.707403588163098, "step_00047700": 2.7298990232586444, "step_00059625": 2.7199807374649816, "step_00071550": 2.7150695444594346}