{"main": 3.1858855179161645, "step_00047700": 3.206189260769027, "step_00059625": 3.19498618241095, "step_00071550": 3.190104772897559}