{"main": 2.7488751564815233, "step_00047700": 2.7839142193903665, "step_00059625": 2.768702747489165, "step_00071550": 2.758492729942761}