{"main": 2.6817991878258063, "step_00047700": 2.711077415742876, "step_00059625": 2.6989511320444923, "step_00071550": 2.6893789421288457}