{"main": 3.2418332496790385, "step_00047700": 3.263428274199406, "step_00059625": 3.2504254902173595, "step_00071550": 3.2479616418722053}