{"main": 2.5758105102095343, "step_00047700": 2.60976758866104, "step_00059625": 2.599798119817936, "step_00071550": 2.5845612605266264}