{"coef": [0.7986724831990091], "intercept": -18.042169765083475, "approach": 1, "label": "params_120b+_only"}