{"coef": [0.9665902174057347], "intercept": -26.39591003258499, "approach": 1, "label": "params_120b+_only_no_embeds"}