{"coef": [0.18284298397276078], "intercept": 17.065587606786742, "approach": 1, "label": "tokens_120b+_only"}