{"coef": [0.4809888232129201], "intercept": 1.8963208273327723, "approach": 1, "label": "tokens_no_embeds"}