{"coef": [0.7241536927100163], "intercept": -13.706863196859345, "approach": 1, "label": "params_cooldown_no_embeds"}