{"coef": [0.45790307973088284], "intercept": -1.025860400775425, "approach": 1, "label": "params_100b+"}