{"coef": [0.626862527898334], "intercept": -9.044791057021566, "approach": 1, "label": "params_no_embeds"}