{"coef": [0.06699560471313044], "intercept": 0.996339530345316, "approach": 1, "label": "tokens_per_param_100b+"}