{"coef": [-0.027333102683642203], "intercept": 5.363786350229609, "approach": 1, "label": "tokens_per_param_lr_ablation"}