{"coef": [0.5248986844440133], "intercept": -0.02952087043010465, "approach": 1, "label": "tokens_100b+_no_embeds"}