{"coef": [0.3932603792287174], "intercept": 6.10398524542963, "approach": 1, "label": "tokens_cooldown_no_embeds"}