{"coef": [0.5131275357521606], "intercept": -3.568844080633294, "approach": 1, "label": "params_lr_ablation"}