{"coef": [0.5969810173757477], "intercept": -7.522191520048853, "approach": 1, "label": "params_cooldown"}