{"coef": [-0.018391392869716076], "intercept": 4.741428523409473, "approach": 1, "label": "tokens_per_param"}