{"coef": [0.499380216082636], "intercept": -2.8451076960767026, "approach": 1, "label": "params"}