{"coef": [0.5689324102290297], "intercept": -6.50468487200348, "approach": 1, "label": "params_100b+_no_embeds"}