{"coef": [0.4857944330685183], "intercept": 1.7949422695963158, "approach": 1, "label": "tokens_lr_ablation"}