{"coef": [-0.20372063814703054], "intercept": 13.626176765478494, "approach": 1, "label": "tokens_per_param_cooldown"}