{"coef": [0.622387042714486], "intercept": -8.95785063293389, "approach": 1, "label": "params_lr_ablation_no_embeds"}