{"hf_name": ["google/Gemma-7b", "meta-llama/Llama-2-13b-hf", "meta-llama/Llama-2-7b-hf", "google/Gemma-2-2b", "Qwen/Qwen2-7B", "meta-llama/Llama-2-70b-hf", "meta-llama/Llama-3-8B", "google/Gemma-2-27b", "meta-llama/Llama-3.2-3B", "Qwen/Qwen2.5-3B", "meta-llama/Llama-3.1-70B", "Qwen/Qwen2-1.5B", "Qwen/Qwen2.5-32B", "Qwen/Qwen2.5-1.5B", "google/Gemma-2-9b", "Qwen/Qwen2.5-7B", "Qwen/Qwen2-0.5B", "google/Gemma-2b", "Qwen/Qwen2.5-0.5B", "meta-llama/Llama-3.2-1B", "Qwen/Qwen2.5-14B"], "loss": [2.3504819578659712, 1.974701431880855, 2.0553744789986013, 2.5155105429319824, 2.3717856239705952, 1.8240561916384195, 2.3186271939511394, 2.171235461748495, 2.469718463259445, 2.532330164770959, 2.0775139311997464, 2.619479315390246, 2.279906107248962, 2.6479512749314913, 2.371815853650825, 2.425715844940896, 2.8981471971862525, 2.53425832899336, 2.93017652345164, 2.654296392943555, 2.297876202940112], "params": [8537680896, 13015864320, 6738415616, 2614341888, 7615616512, 68976648192, 8030261248, 27227128320, 3212749824, 3085938688, 70553706496, 1543714304, 32763876352, 1543714304, 9241705984, 7615616512, 494032768, 2506172416, 494032768, 1235814400, 14770033664], "non_emb_params": [7751248896, 12852024320, 6607343616, 2024517888, 7070619136, 68714504192, 7504924672, 26047480320, 2818747392, 2774773760, 69503033344, 1310340608, 31985308672, 1310340608, 8324201984, 7070619136, 357898112, 1981884416, 357898112, 973146112, 13991465984], "width": [3072, 5120, 4096, 2304, 3584, 8192, 4096, 4608, 3072, 2048, 8192, 1536, 5120, 1536, 3584, 3584, 896, 2048, 896, 2048, 5120], "depth": [28, 40, 32, 26, 28, 80, 32, 46, 28, 36, 80, 28, 64, 28, 42, 28, 24, 18, 24, 16, 48], "vocab_size": [256000, 32000, 32000, 256000, 152064, 32000, 128256, 256000, 128256, 151936, 128256, 151936, 152064, 151936, 256000, 152064, 151936, 256000, 151936, 128256, 152064]}