{"success":{"0":true},"loss":{"0":0.0019816129},"exponents":{"0":[0.2928686863,0.712872206]},"coefficients":{"0":[5.3613398367,15.415994531]},"irreducible_error":{"0":0.7622636901}}