{"success":{"0":true},"loss":{"0":0.002912928},"exponents":{"0":[0.2331232287,0.6737637809]},"coefficients":{"0":[4.4065877953,14.7494376322]},"irreducible_error":{"0":0.6458353849}}