{"success":{"0":true},"loss":{"0":0.0017125887},"exponents":{"0":[0.2892639106,0.6786801324]},"coefficients":{"0":[5.1794152446,14.7085027215]},"irreducible_error":{"0":0.7721844659}}