{"success":{"0":true},"loss":{"0":0.0000792507},"exponents":{"0":[4.9774617669,0.5608748148]},"coefficients":{"0":[89.2055090232,11.7316596353]},"irreducible_error":{"0":1.1059988569}}