{"success":{"0":true},"loss":{"0":0.0017466699},"exponents":{"0":[0.2807638315,0.6796972223]},"coefficients":{"0":[5.0482314178,14.7063392872]},"irreducible_error":{"0":0.7636698366}}