{"success":{"0":true},"loss":{"0":0.0019640865},"exponents":{"0":[0.3002728205,0.580241077]},"coefficients":{"0":[5.4197160371,12.5138998709]},"irreducible_error":{"0":0.7297863295}}