{"success":{"0":true},"loss":{"0":0.001713242},"exponents":{"0":[0.2798552605,0.6263421615]},"coefficients":{"0":[4.977329376,13.5843120444]},"irreducible_error":{"0":0.7328537246}}