{"success":{"0":true},"loss":{"0":0.0001204363},"exponents":{"0":[0.2137760799,0.5260072888]},"coefficients":{"0":[4.0689997896,10.9811737262]},"irreducible_error":{"0":0.4684500083}}