{"success":{"0":true},"loss":{"0":0.0010089106},"exponents":{"0":[0.3843608161,0.5124435014,0.4096142991,0.5401321511]},"coefficients":{"0":[1.5997194721,-0.2355685527,6.6464813725,11.8187276871]},"irreducible_error":{"0":0.6638094371}}