{"success":{"0":true},"loss":{"0":0.0065925344},"exponents":{"0":[0.2591125694,0.5972679073]},"coefficients":{"0":[4.9008415415,12.850969215]},"irreducible_error":{"0":0.6681624725}}