{"success":{"0":true},"loss":{"0":0.0019515326},"exponents":{"0":[0.3117037933,0.6800416127]},"coefficients":{"0":[5.659724846,14.702612634]},"irreducible_error":{"0":0.7772814543}}