{"success":{"0":true},"loss":{"0":0.0019728624},"exponents":{"0":[0.325466724,0.6512643658]},"coefficients":{"0":[5.8381509809,14.3073167443]},"irreducible_error":{"0":0.7911246624}}