{"success":{"0":true},"loss":{"0":0.0018048408},"exponents":{"0":[0.298655803,0.6459410771]},"coefficients":{"0":[5.283397698,14.2222754418]},"irreducible_error":{"0":0.7819253424}}