{"success":{"0":true},"loss":{"0":0.0053939495},"exponents":{"0":[0.2423319115,0.606170139]},"coefficients":{"0":[4.5317449213,13.0980322157]},"irreducible_error":{"0":0.6664134614}}