{"success":{"0":true},"loss":{"0":0.0008107426},"exponents":{"0":[0.3540096969,0.464087269,0.3941362557,0.5364845902]},"coefficients":{"0":[1.5262220266,-0.1780173948,6.3319550722,11.5393125864]},"irreducible_error":{"0":0.5874913187}}