{"success":{"0":true},"loss":{"0":0.0038782174},"exponents":{"0":[0.2606504897,0.1416453973,0.530963438]},"coefficients":{"0":[2.1144598737,0.7307645279,11.2841184982]},"irreducible_error":{"0":-4555.3789970242}}