{"success":{"0":true},"loss":{"0":0.0002022731},"exponents":{"0":[0.2914360669,0.5474239492]},"coefficients":{"0":[5.0462384672,12.0835830413]},"irreducible_error":{"0":0.7713682454}}