{"success":{"0":true},"loss":{"0":0.0026427674},"exponents":{"0":[0.205280776,0.4741415976,0.372096494,0.5116481093]},"coefficients":{"0":[1.0738807871,-0.2097602665,6.2174536361,10.9040518165]},"irreducible_error":{"0":0.3966401522}}