{"success":{"0":true},"loss":{"0":0.0038623994},"exponents":{"0":[0.2422643065,0.6454104584]},"coefficients":{"0":[4.6601139409,14.1271538538]},"irreducible_error":{"0":0.6269415844}}