{"success":{"0":true},"loss":{"0":0.0002173794},"exponents":{"0":[0.275106095,0.4580953782]},"coefficients":{"0":[4.8385936211,10.0267685734]},"irreducible_error":{"0":0.7095285231}}